Transecto,Densidad,Sitio,Tipo_vegetacion,Vegetation_types,Cluster,Arb_den,Arb_alt,Arb_ab,N0,H,N1,E1,S,cob_50,cob_100,Exp,Pend,Alt
1,4.9,Chiquero,Selva_mediana,TSF,C_1,40.1,3.2,60.8,6,1.6,5.1,0.9,6,100,100,104.3,9.8,131.9
2,5.7,Chiquero,Agricultura,Agr,C_1,32.5,3.6,80.2,15,2.6,13.3,0.9,20,74,66,271.7,4.7,107.6
3,4.4,Chiquero,Agricultura,Agr,C_1,12.7,3.6,178.3,14,2.5,12.7,0.9,16,100,99,167,7.9,125.2
4,5.3,Chiquero,Agricultura,Agr,C_1,15.9,3.9,136.8,12,2.4,10.9,0.9,15,100,87,220.2,8.6,117.9
5,2.2,Chiquero,Agricultura,Agr,C_1,39.7,3.1,78,10,2.2,9.4,0.9,19,100,76,95.4,8.5,103.3
6,2.6,Chiquero,Selva_mediana,TSF,C_1,18.6,4,259,17,2.7,15.2,0.9,25,100,78,173.8,6.3,99.1
7,4.4,Chiquero,Selva_mediana,TSF,C_2,16.6,4.8,399.7,18,2.8,16.2,0.9,25,100,89,310.1,10.3,180.5
8,8.8,Chiquero,Selva_mediana,TSF,C_1,23.1,3.8,216.9,19,2.8,17.1,0.9,28,100,90,174.8,10.6,192.4
9,0.4,Pensador,Agricultura,Agr,C_3,4.5,5.3,436.5,18,2.7,15.5,0.9,20,95,33,207.3,9.6,213
10,0,Pensador,Agricultura,Agr,C_3,7.2,4.5,414.3,16,2.6,13.9,0.9,19,100,71,72.4,12,180.6
11,1.3,Pensador,Agricultura,Agr,C_3,9.7,4.5,422.8,12,2.4,10.6,0.9,23,100,58,107.5,3.1,126.8
12,1.3,Pensador,Agricultura,Agr,C_3,11.4,4.9,587.9,14,2.5,12.3,0.9,25,98,76,153.2,0.7,109
13,1.3,Pensador,Agricultura,Agr,C_3,12.9,4.8,586.8,12,2.3,10.3,0.9,16,98,85,101.4,2.9,99.9
14,0.9,Pensador,Agricultura,Agr,C_3,8.5,4.6,590.2,13,2.4,11.2,0.9,17,97,80,78.9,2.2,109.6
15,1.7,Pensador,Agricultura,Agr,C_1,17.9,3.1,272,12,2.3,9.7,0.8,15,84,73,243.9,7.9,145.8
16,0.9,Pensador,Agricultura,Agr,C_2,23.9,2.9,279.5,20,2.9,17.9,0.9,26,100,85,107.7,15.7,176.7
17,3.7,Porvenir,Agricola_Pastizal,Agr-Pas,C_1,24.1,4,314.6,19,2.8,16.9,0.9,24,99,84,183.3,8.6,155.7
18,11,Porvenir,Agricola_Pastizal,Agr-Pas,C_1,3.4,3.2,243,12,2.3,10.2,0.9,16,100,85,282,8,151.1
19,4.4,Porvenir,Agricola_Pastizal,Agr-Pas,C_1,22.3,3.6,180.7,18,2.8,16.1,0.9,22,100,84,186.2,14.9,180.8
20,12.1,Porvenir,Agricola_Pastizal,Agr-Pas,C_1,22.2,2.9,185.6,12,2.3,10.5,0.9,14,100,80,180.7,6.2,121.4
21,4,Porvenir,Agricola_Pastizal,Agr-Pas,C_2,21.5,3.6,185.5,19,2.8,16.8,0.9,21,100,96,94,6.8,149.9
22,5.5,Porvenir,Agricola_Pastizal,Agr-Pas,C_2,34.2,3.1,139.8,22,3,19.5,0.9,25,100,98,281.3,3.4,130.1
23,2.6,Porvenir,Agricola_Pastizal,Agr-Pas,C_2,29.9,3.2,175.7,20,2.9,18.5,0.9,25,100,78,284.6,7.2,160.5
24,5.5,Porvenir,Agricola_Pastizal,Agr-Pas,C_1,26.3,3.9,239.2,19,2.8,17.2,0.9,22,100,95,249,4.4,138.2
25,2.9,MonteGrande,Agricultura,Agr,C_4,21.3,6.4,274,13,2.4,11.2,0.9,16,100,90,259.3,11.4,89.3
26,4.7,MonteGrande,Agricultura,Agr,C_4,21,3.4,246.5,14,2.5,12.3,0.9,22,98,98,311.1,5.3,63.6
27,4.4,MonteGrande,Agricultura,Agr,C_4,16.3,3.3,224.4,20,2.9,17.5,0.9,28,98,89,131.5,3.5,64.4
28,5.4,MonteGrande,Agricultura,Agr,C_2,30.5,3.2,193.2,20,2.9,17.8,0.9,24,96,91,134.9,2.4,70.2
29,1.4,MonteGrande,Agricola_Pastizal,Agr-Pas,C_4,22.9,3.5,193.2,22,3,20.2,0.9,24,100,85,149,1.1,78.4
30,3.2,MonteGrande,Agricola_Pastizal,Agr-Pas,C_4,23.3,3.7,280.3,19,2.8,16.9,0.9,26,98,91,90.3,6.2,96.5
31,3.6,MonteGrande,Agricola_Pastizal,Agr-Pas,C_4,29.3,3.5,212.8,19,2.8,16.7,0.9,24,93,80,291.6,4,81.5
32,4.3,MonteGrande,Agricola_Pastizal,Agr-Pas,C_4,26.8,2.7,116.9,21,3,19.3,0.9,27,100,93,99.7,3.6,65.7
33,5,Corralillo,Selva_mediana,TSF,C_2,22.7,3.2,223.5,11,2.4,10.6,1,18,100,96,307.7,8.4,246
34,11.7,Corralillo,Selva_mediana,TSF,C_2,23,2.8,121.3,11,2.3,9.6,0.9,22,100,96,227.8,12.6,225
35,4.6,Corralillo,Selva_mediana,TSF,C_4,27,2.2,58.3,11,2.2,8.6,0.8,17,100,91,58.7,7.2,154.2
36,2.7,Corralillo,Selva_mediana,TSF,C_2,19.1,2.7,80.3,11,2.2,9.5,0.9,19,96,73,241.4,8.3,187.4
37,2.8,Corralillo,Selva_alta,TRF,C_1,19.3,3.3,108,19,2.8,17.1,0.9,28,95,64,160.6,0.2,99.6
38,1.8,Corralillo,Selva_alta,TRF,C_4,16.5,2.6,67.3,13,2.4,10.7,0.8,21,100,89,237,2.3,109.2
39,2.7,Corralillo,Selva_alta,TRF,C_2,15,3,46.4,25,3.1,22.5,0.9,33,98,82,206.5,3.3,93.2
40,3.9,Corralillo,Selva_alta,TRF,C_2,13,3.1,59.1,18,2.8,15.8,0.9,25,96,85,235.5,4.5,102.2