,Numero,sitios,Zona,especies,iar
1,1,Sitio-1,Conservada-01,Bas_ast,3.33
2,1,Sitio-1,Conservada-01,Can_lat,0
3,1,Sitio-1,Conservada-01,Con_mes,1.64
4,1,Sitio-1,Conservada-01,Das_nov,0
5,1,Sitio-1,Conservada-01,Lyn_ruf,1.64
6,1,Sitio-1,Conservada-01,Mep_mac,4.92
7,1,Sitio-1,Conservada-01,Nas_nar,0
8,1,Sitio-1,Conservada-01,Odo_vir,20.34
9,1,Sitio-1,Conservada-01,Pec_taj,1.64
10,1,Sitio-1,Conservada-01,Pro_lot,0
11,1,Sitio-1,Conservada-01,Pum_con,1.19
12,1,Sitio-1,Conservada-01,Pum_yag,0
13,1,Sitio-1,Conservada-01,Spi_put,1.19
14,1,Sitio-1,Conservada-01,Syl_flo,31.15
15,1,Sitio-1,Conservada-01,Uro_cin,0
16,1,Sitio-1,Conservada-01,Leo_par,1.18
17,1,Sitio-1,Conservada-01,Pan_onc,0
18,2,Sitio-1,Conservada-01,Bas_ast,0
19,2,Sitio-1,Conservada-01,Can_lat,0
20,2,Sitio-1,Conservada-01,Con_mes,1.69
21,2,Sitio-1,Conservada-01,Das_nov,0
22,2,Sitio-1,Conservada-01,Lyn_ruf,0
23,2,Sitio-1,Conservada-01,Mep_mac,1.69
24,2,Sitio-1,Conservada-01,Nas_nar,0
25,2,Sitio-1,Conservada-01,Odo_vir,0
26,2,Sitio-1,Conservada-01,Pec_taj,0
27,2,Sitio-1,Conservada-01,Pro_lot,0
28,2,Sitio-1,Conservada-01,Pum_con,0
29,2,Sitio-1,Conservada-01,Pum_yag,0
30,2,Sitio-1,Conservada-01,Spi_put,0
31,2,Sitio-1,Conservada-01,Syl_flo,2.5
32,2,Sitio-1,Conservada-01,Uro_cin,0
33,2,Sitio-1,Conservada-01,Leo_par,0
34,2,Sitio-1,Conservada-01,Pan_onc,0
35,3,Sitio-1,Conservada-01,Bas_ast,3.17
36,3,Sitio-1,Conservada-01,Can_lat,0
37,3,Sitio-1,Conservada-01,Con_mes,1.69
38,3,Sitio-1,Conservada-01,Das_nov,0
39,3,Sitio-1,Conservada-01,Lyn_ruf,3.51
40,3,Sitio-1,Conservada-01,Mep_mac,1.75
41,3,Sitio-1,Conservada-01,Nas_nar,0
42,3,Sitio-1,Conservada-01,Odo_vir,3.51
43,3,Sitio-1,Conservada-01,Pec_taj,0
44,3,Sitio-1,Conservada-01,Pro_lot,0
45,3,Sitio-1,Conservada-01,Pum_con,0
46,3,Sitio-1,Conservada-01,Pum_yag,0
47,3,Sitio-1,Conservada-01,Spi_put,0
48,3,Sitio-1,Conservada-01,Syl_flo,28.07
49,3,Sitio-1,Conservada-01,Uro_cin,0
50,3,Sitio-1,Conservada-01,Leo_par,1.2
51,3,Sitio-1,Conservada-01,Pan_onc,0
52,4,Sitio-1,Conservada-01,Bas_ast,1.18
53,4,Sitio-1,Conservada-01,Can_lat,0
54,4,Sitio-1,Conservada-01,Con_mes,3.51
55,4,Sitio-1,Conservada-01,Das_nov,0
56,4,Sitio-1,Conservada-01,Lyn_ruf,1.75
57,4,Sitio-1,Conservada-01,Mep_mac,3.51
58,4,Sitio-1,Conservada-01,Nas_nar,0
59,4,Sitio-1,Conservada-01,Odo_vir,3.57
60,4,Sitio-1,Conservada-01,Pec_taj,8.14
61,4,Sitio-1,Conservada-01,Pro_lot,0
62,4,Sitio-1,Conservada-01,Pum_con,1.16
63,4,Sitio-1,Conservada-01,Pum_yag,0
64,4,Sitio-1,Conservada-01,Spi_put,1.16
65,4,Sitio-1,Conservada-01,Syl_flo,7.02
66,4,Sitio-1,Conservada-01,Uro_cin,1.22
67,4,Sitio-1,Conservada-01,Leo_par,1.18
68,4,Sitio-1,Conservada-01,Pan_onc,0
69,5,Sitio-1,Conservada-01,Bas_ast,12.35
70,5,Sitio-1,Conservada-01,Can_lat,0
71,5,Sitio-1,Conservada-01,Con_mes,1.64
72,5,Sitio-1,Conservada-01,Das_nov,0
73,5,Sitio-1,Conservada-01,Lyn_ruf,2.7
74,5,Sitio-1,Conservada-01,Mep_mac,1.75
75,5,Sitio-1,Conservada-01,Nas_nar,0
76,5,Sitio-1,Conservada-01,Odo_vir,5.26
77,5,Sitio-1,Conservada-01,Pec_taj,6.98
78,5,Sitio-1,Conservada-01,Pro_lot,0
79,5,Sitio-1,Conservada-01,Pum_con,1.3
80,5,Sitio-1,Conservada-01,Pum_yag,0
81,5,Sitio-1,Conservada-01,Spi_put,3.17
82,5,Sitio-1,Conservada-01,Syl_flo,1.22
83,5,Sitio-1,Conservada-01,Uro_cin,7.02
84,5,Sitio-1,Conservada-01,Leo_par,0
85,5,Sitio-1,Conservada-01,Pan_onc,0
86,6,Sitio-1,Conservada-01,Bas_ast,3.49
87,6,Sitio-1,Conservada-01,Can_lat,0
88,6,Sitio-1,Conservada-01,Con_mes,1.69
89,6,Sitio-1,Conservada-01,Das_nov,0
90,6,Sitio-1,Conservada-01,Lyn_ruf,0
91,6,Sitio-1,Conservada-01,Mep_mac,0
92,6,Sitio-1,Conservada-01,Nas_nar,0
93,6,Sitio-1,Conservada-01,Odo_vir,3.17
94,6,Sitio-1,Conservada-01,Pec_taj,1.16
95,6,Sitio-1,Conservada-01,Pro_lot,0
96,6,Sitio-1,Conservada-01,Pum_con,0
97,6,Sitio-1,Conservada-01,Pum_yag,0
98,6,Sitio-1,Conservada-01,Spi_put,1.16
99,6,Sitio-1,Conservada-01,Syl_flo,3.17
100,6,Sitio-1,Conservada-01,Uro_cin,1.79
101,6,Sitio-1,Conservada-01,Leo_par,0
102,6,Sitio-1,Conservada-01,Pan_onc,0
103,7,Sitio-1,Conservada-01,Bas_ast,1.3
104,7,Sitio-1,Conservada-01,Can_lat,0
105,7,Sitio-1,Conservada-01,Con_mes,3.17
106,7,Sitio-1,Conservada-01,Das_nov,0
107,7,Sitio-1,Conservada-01,Lyn_ruf,16.67
108,7,Sitio-1,Conservada-01,Mep_mac,0
109,7,Sitio-1,Conservada-01,Nas_nar,0
110,7,Sitio-1,Conservada-01,Odo_vir,10.84
111,7,Sitio-1,Conservada-01,Pec_taj,0
112,7,Sitio-1,Conservada-01,Pro_lot,0
113,7,Sitio-1,Conservada-01,Pum_con,1.19
114,7,Sitio-1,Conservada-01,Pum_yag,0
115,7,Sitio-1,Conservada-01,Spi_put,0
116,7,Sitio-1,Conservada-01,Syl_flo,1.16
117,7,Sitio-1,Conservada-01,Uro_cin,2.5
118,7,Sitio-1,Conservada-01,Leo_par,1.8
119,7,Sitio-1,Conservada-01,Pan_onc,0
120,8,Sitio-1,Conservada-01,Bas_ast,0
121,8,Sitio-1,Conservada-01,Can_lat,0
122,8,Sitio-1,Conservada-01,Con_mes,0
123,8,Sitio-1,Conservada-01,Das_nov,0
124,8,Sitio-1,Conservada-01,Lyn_ruf,0
125,8,Sitio-1,Conservada-01,Mep_mac,1.67
126,8,Sitio-1,Conservada-01,Nas_nar,0
127,8,Sitio-1,Conservada-01,Odo_vir,3.17
128,8,Sitio-1,Conservada-01,Pec_taj,0
129,8,Sitio-1,Conservada-01,Pro_lot,0
130,8,Sitio-1,Conservada-01,Pum_con,1.59
131,8,Sitio-1,Conservada-01,Pum_yag,0
132,8,Sitio-1,Conservada-01,Spi_put,0
133,8,Sitio-1,Conservada-01,Syl_flo,1.18
134,8,Sitio-1,Conservada-01,Uro_cin,1.22
135,8,Sitio-1,Conservada-01,Leo_par,1.2
136,8,Sitio-1,Conservada-01,Pan_onc,0
137,9,Sitio-1,Conservada-01,Bas_ast,3.61
138,9,Sitio-1,Conservada-01,Can_lat,0
139,9,Sitio-1,Conservada-01,Con_mes,3.33
140,9,Sitio-1,Conservada-01,Das_nov,0
141,9,Sitio-1,Conservada-01,Lyn_ruf,3.33
142,9,Sitio-1,Conservada-01,Mep_mac,1.67
143,9,Sitio-1,Conservada-01,Nas_nar,0
144,9,Sitio-1,Conservada-01,Odo_vir,5.3
145,9,Sitio-1,Conservada-01,Pec_taj,0
146,9,Sitio-1,Conservada-01,Pro_lot,0
147,9,Sitio-1,Conservada-01,Pum_con,1.2
148,9,Sitio-1,Conservada-01,Pum_yag,0
149,9,Sitio-1,Conservada-01,Spi_put,0
150,9,Sitio-1,Conservada-01,Syl_flo,23.33
151,9,Sitio-1,Conservada-01,Uro_cin,5
152,9,Sitio-1,Conservada-01,Leo_par,0
153,9,Sitio-1,Conservada-01,Pan_onc,0
154,10,Sitio-1,Conservada-01,Bas_ast,3.49
155,10,Sitio-1,Conservada-01,Can_lat,0
156,10,Sitio-1,Conservada-01,Con_mes,0
157,10,Sitio-1,Conservada-01,Das_nov,0
158,10,Sitio-1,Conservada-01,Lyn_ruf,0
159,10,Sitio-1,Conservada-01,Mep_mac,1.59
160,10,Sitio-1,Conservada-01,Nas_nar,0
161,10,Sitio-1,Conservada-01,Odo_vir,4.76
162,10,Sitio-1,Conservada-01,Pec_taj,0
163,10,Sitio-1,Conservada-01,Pro_lot,0
164,10,Sitio-1,Conservada-01,Pum_con,0
165,10,Sitio-1,Conservada-01,Pum_yag,0
166,10,Sitio-1,Conservada-01,Spi_put,0
167,10,Sitio-1,Conservada-01,Syl_flo,3.17
168,10,Sitio-1,Conservada-01,Uro_cin,6.35
169,10,Sitio-1,Conservada-01,Leo_par,0
170,10,Sitio-1,Conservada-01,Pan_onc,0
171,11,Sitio-1,Perturbada-01,Bas_ast,0
172,11,Sitio-1,Perturbada-01,Can_lat,4.5
173,11,Sitio-1,Perturbada-01,Con_mes,0
174,11,Sitio-1,Perturbada-01,Das_nov,0
175,11,Sitio-1,Perturbada-01,Lyn_ruf,0
176,11,Sitio-1,Perturbada-01,Mep_mac,0
177,11,Sitio-1,Perturbada-01,Nas_nar,0
178,11,Sitio-1,Perturbada-01,Odo_vir,6.1
179,11,Sitio-1,Perturbada-01,Pec_taj,0
180,11,Sitio-1,Perturbada-01,Pro_lot,1.22
181,11,Sitio-1,Perturbada-01,Pum_con,0
182,11,Sitio-1,Perturbada-01,Pum_yag,0
183,11,Sitio-1,Perturbada-01,Spi_put,0
184,11,Sitio-1,Perturbada-01,Syl_flo,8.54
185,11,Sitio-1,Perturbada-01,Uro_cin,1.22
186,11,Sitio-1,Perturbada-01,Leo_par,0
187,11,Sitio-1,Perturbada-01,Pan_onc,0
188,12,Sitio-1,Perturbada-01,Bas_ast,0
189,12,Sitio-1,Perturbada-01,Can_lat,1.2
190,12,Sitio-1,Perturbada-01,Con_mes,3.61
191,12,Sitio-1,Perturbada-01,Das_nov,0
192,12,Sitio-1,Perturbada-01,Lyn_ruf,0
193,12,Sitio-1,Perturbada-01,Mep_mac,4.65
194,12,Sitio-1,Perturbada-01,Nas_nar,0
195,12,Sitio-1,Perturbada-01,Odo_vir,0
196,12,Sitio-1,Perturbada-01,Pec_taj,0
197,12,Sitio-1,Perturbada-01,Pro_lot,0
198,12,Sitio-1,Perturbada-01,Pum_con,0
199,12,Sitio-1,Perturbada-01,Pum_yag,0
200,12,Sitio-1,Perturbada-01,Spi_put,0
201,12,Sitio-1,Perturbada-01,Syl_flo,28.92
202,12,Sitio-1,Perturbada-01,Uro_cin,6.02
203,12,Sitio-1,Perturbada-01,Leo_par,0
204,12,Sitio-1,Perturbada-01,Pan_onc,0
205,13,Sitio-1,Perturbada-01,Bas_ast,0
206,13,Sitio-1,Perturbada-01,Can_lat,0
207,13,Sitio-1,Perturbada-01,Con_mes,3.49
208,13,Sitio-1,Perturbada-01,Das_nov,0
209,13,Sitio-1,Perturbada-01,Lyn_ruf,0
210,13,Sitio-1,Perturbada-01,Mep_mac,5.81
211,13,Sitio-1,Perturbada-01,Nas_nar,0
212,13,Sitio-1,Perturbada-01,Odo_vir,6.98
213,13,Sitio-1,Perturbada-01,Pec_taj,0
214,13,Sitio-1,Perturbada-01,Pro_lot,0
215,13,Sitio-1,Perturbada-01,Pum_con,0
216,13,Sitio-1,Perturbada-01,Pum_yag,0
217,13,Sitio-1,Perturbada-01,Spi_put,0
218,13,Sitio-1,Perturbada-01,Syl_flo,13.95
219,13,Sitio-1,Perturbada-01,Uro_cin,13.95
220,13,Sitio-1,Perturbada-01,Leo_par,0
221,13,Sitio-1,Perturbada-01,Pan_onc,0
222,14,Sitio-1,Perturbada-01,Bas_ast,0
223,14,Sitio-1,Perturbada-01,Can_lat,0
224,14,Sitio-1,Perturbada-01,Con_mes,1.16
225,14,Sitio-1,Perturbada-01,Das_nov,3.33
226,14,Sitio-1,Perturbada-01,Lyn_ruf,0
227,14,Sitio-1,Perturbada-01,Mep_mac,0
228,14,Sitio-1,Perturbada-01,Nas_nar,0
229,14,Sitio-1,Perturbada-01,Odo_vir,4.65
230,14,Sitio-1,Perturbada-01,Pec_taj,0
231,14,Sitio-1,Perturbada-01,Pro_lot,0
232,14,Sitio-1,Perturbada-01,Pum_con,0
233,14,Sitio-1,Perturbada-01,Pum_yag,1.2
234,14,Sitio-1,Perturbada-01,Spi_put,0
235,14,Sitio-1,Perturbada-01,Syl_flo,4.65
236,14,Sitio-1,Perturbada-01,Uro_cin,0
237,14,Sitio-1,Perturbada-01,Leo_par,0
238,14,Sitio-1,Perturbada-01,Pan_onc,0
239,15,Sitio-1,Perturbada-01,Bas_ast,0
240,15,Sitio-1,Perturbada-01,Can_lat,0
241,15,Sitio-1,Perturbada-01,Con_mes,0
242,15,Sitio-1,Perturbada-01,Das_nov,0
243,15,Sitio-1,Perturbada-01,Lyn_ruf,0
244,15,Sitio-1,Perturbada-01,Mep_mac,0
245,15,Sitio-1,Perturbada-01,Nas_nar,0
246,15,Sitio-1,Perturbada-01,Odo_vir,5.81
247,15,Sitio-1,Perturbada-01,Pec_taj,0
248,15,Sitio-1,Perturbada-01,Pro_lot,0
249,15,Sitio-1,Perturbada-01,Pum_con,0
250,15,Sitio-1,Perturbada-01,Pum_yag,1.59
251,15,Sitio-1,Perturbada-01,Spi_put,0
252,15,Sitio-1,Perturbada-01,Syl_flo,6.98
253,15,Sitio-1,Perturbada-01,Uro_cin,10.47
254,15,Sitio-1,Perturbada-01,Leo_par,0
255,15,Sitio-1,Perturbada-01,Pan_onc,0
256,16,Sitio-1,Perturbada-01,Bas_ast,0
257,16,Sitio-1,Perturbada-01,Can_lat,0
258,16,Sitio-1,Perturbada-01,Con_mes,0
259,16,Sitio-1,Perturbada-01,Das_nov,1.54
260,16,Sitio-1,Perturbada-01,Lyn_ruf,0
261,16,Sitio-1,Perturbada-01,Mep_mac,0
262,16,Sitio-1,Perturbada-01,Nas_nar,0
263,16,Sitio-1,Perturbada-01,Odo_vir,6.98
264,16,Sitio-1,Perturbada-01,Pec_taj,0
265,16,Sitio-1,Perturbada-01,Pro_lot,3.17
266,16,Sitio-1,Perturbada-01,Pum_con,0
267,16,Sitio-1,Perturbada-01,Pum_yag,1.2
268,16,Sitio-1,Perturbada-01,Spi_put,0
269,16,Sitio-1,Perturbada-01,Syl_flo,1.16
270,16,Sitio-1,Perturbada-01,Uro_cin,0
271,16,Sitio-1,Perturbada-01,Leo_par,0
272,16,Sitio-1,Perturbada-01,Pan_onc,0
273,17,Sitio-1,Perturbada-01,Bas_ast,1.22
274,17,Sitio-1,Perturbada-01,Can_lat,0
275,17,Sitio-1,Perturbada-01,Con_mes,3.17
276,17,Sitio-1,Perturbada-01,Das_nov,0
277,17,Sitio-1,Perturbada-01,Lyn_ruf,0
278,17,Sitio-1,Perturbada-01,Mep_mac,0
279,17,Sitio-1,Perturbada-01,Nas_nar,0
280,17,Sitio-1,Perturbada-01,Odo_vir,3.17
281,17,Sitio-1,Perturbada-01,Pec_taj,0
282,17,Sitio-1,Perturbada-01,Pro_lot,0
283,17,Sitio-1,Perturbada-01,Pum_con,0
284,17,Sitio-1,Perturbada-01,Pum_yag,0
285,17,Sitio-1,Perturbada-01,Spi_put,0
286,17,Sitio-1,Perturbada-01,Syl_flo,19.05
287,17,Sitio-1,Perturbada-01,Uro_cin,0
288,17,Sitio-1,Perturbada-01,Leo_par,0
289,17,Sitio-1,Perturbada-01,Pan_onc,0
290,18,Sitio-1,Perturbada-01,Bas_ast,3.61
291,18,Sitio-1,Perturbada-01,Can_lat,0
292,18,Sitio-1,Perturbada-01,Con_mes,3.53
293,18,Sitio-1,Perturbada-01,Das_nov,0
294,18,Sitio-1,Perturbada-01,Lyn_ruf,0
295,18,Sitio-1,Perturbada-01,Mep_mac,1.18
296,18,Sitio-1,Perturbada-01,Nas_nar,0
297,18,Sitio-1,Perturbada-01,Odo_vir,0
298,18,Sitio-1,Perturbada-01,Pec_taj,0
299,18,Sitio-1,Perturbada-01,Pro_lot,0
300,18,Sitio-1,Perturbada-01,Pum_con,0
301,18,Sitio-1,Perturbada-01,Pum_yag,0
302,18,Sitio-1,Perturbada-01,Spi_put,0
303,18,Sitio-1,Perturbada-01,Syl_flo,4.71
304,18,Sitio-1,Perturbada-01,Uro_cin,14.12
305,18,Sitio-1,Perturbada-01,Leo_par,0
306,18,Sitio-1,Perturbada-01,Pan_onc,0
307,19,Sitio-1,Perturbada-01,Bas_ast,2.33
308,19,Sitio-1,Perturbada-01,Can_lat,0
309,19,Sitio-1,Perturbada-01,Con_mes,0
310,19,Sitio-1,Perturbada-01,Das_nov,1.16
311,19,Sitio-1,Perturbada-01,Lyn_ruf,0
312,19,Sitio-1,Perturbada-01,Mep_mac,0
313,19,Sitio-1,Perturbada-01,Nas_nar,0
314,19,Sitio-1,Perturbada-01,Odo_vir,12.35
315,19,Sitio-1,Perturbada-01,Pec_taj,0
316,19,Sitio-1,Perturbada-01,Pro_lot,0
317,19,Sitio-1,Perturbada-01,Pum_con,0
318,19,Sitio-1,Perturbada-01,Pum_yag,0
319,19,Sitio-1,Perturbada-01,Spi_put,0
320,19,Sitio-1,Perturbada-01,Syl_flo,1.23
321,19,Sitio-1,Perturbada-01,Uro_cin,0
322,19,Sitio-1,Perturbada-01,Leo_par,0
323,19,Sitio-1,Perturbada-01,Pan_onc,0
324,20,Sitio-1,Perturbada-01,Bas_ast,0
325,20,Sitio-1,Perturbada-01,Can_lat,3.17
326,20,Sitio-1,Perturbada-01,Con_mes,2.33
327,20,Sitio-1,Perturbada-01,Das_nov,0
328,20,Sitio-1,Perturbada-01,Lyn_ruf,0
329,20,Sitio-1,Perturbada-01,Mep_mac,0
330,20,Sitio-1,Perturbada-01,Nas_nar,0
331,20,Sitio-1,Perturbada-01,Odo_vir,3.49
332,20,Sitio-1,Perturbada-01,Pec_taj,0
333,20,Sitio-1,Perturbada-01,Pro_lot,0
334,20,Sitio-1,Perturbada-01,Pum_con,0
335,20,Sitio-1,Perturbada-01,Pum_yag,0
336,20,Sitio-1,Perturbada-01,Spi_put,0
337,20,Sitio-1,Perturbada-01,Syl_flo,5.81
338,20,Sitio-1,Perturbada-01,Uro_cin,5.81
339,20,Sitio-1,Perturbada-01,Leo_par,0
340,20,Sitio-1,Perturbada-01,Pan_onc,0
341,21,Sitio-2,Conservada-02,Bas_ast,1.69
342,21,Sitio-2,Conservada-02,Can_lat,0
343,21,Sitio-2,Conservada-02,Con_mes,0
344,21,Sitio-2,Conservada-02,Das_nov,1.16
345,21,Sitio-2,Conservada-02,Lyn_ruf,1.59
346,21,Sitio-2,Conservada-02,Mep_mac,0
347,21,Sitio-2,Conservada-02,Nas_nar,0
348,21,Sitio-2,Conservada-02,Odo_vir,22.22
349,21,Sitio-2,Conservada-02,Pec_taj,2.44
350,21,Sitio-2,Conservada-02,Pro_lot,0
351,21,Sitio-2,Conservada-02,Pum_con,0
352,21,Sitio-2,Conservada-02,Pum_yag,0
353,21,Sitio-2,Conservada-02,Spi_put,1.16
354,21,Sitio-2,Conservada-02,Syl_flo,26.98
355,21,Sitio-2,Conservada-02,Uro_cin,0
356,21,Sitio-2,Conservada-02,Leo_par,0
357,21,Sitio-2,Conservada-02,Pan_onc,1.22
358,22,Sitio-2,Conservada-02,Bas_ast,1.69
359,22,Sitio-2,Conservada-02,Can_lat,0
360,22,Sitio-2,Conservada-02,Con_mes,0
361,22,Sitio-2,Conservada-02,Das_nov,0
362,22,Sitio-2,Conservada-02,Lyn_ruf,0
363,22,Sitio-2,Conservada-02,Mep_mac,0
364,22,Sitio-2,Conservada-02,Nas_nar,0
365,22,Sitio-2,Conservada-02,Odo_vir,4.69
366,22,Sitio-2,Conservada-02,Pec_taj,3.61
367,22,Sitio-2,Conservada-02,Pro_lot,2.94
368,22,Sitio-2,Conservada-02,Pum_con,0
369,22,Sitio-2,Conservada-02,Pum_yag,0
370,22,Sitio-2,Conservada-02,Spi_put,1.16
371,22,Sitio-2,Conservada-02,Syl_flo,2.41
372,22,Sitio-2,Conservada-02,Uro_cin,1.69
373,22,Sitio-2,Conservada-02,Leo_par,0
374,22,Sitio-2,Conservada-02,Pan_onc,3.61
375,23,Sitio-2,Conservada-02,Bas_ast,0
376,23,Sitio-2,Conservada-02,Can_lat,0
377,23,Sitio-2,Conservada-02,Con_mes,0
378,23,Sitio-2,Conservada-02,Das_nov,3.57
379,23,Sitio-2,Conservada-02,Lyn_ruf,0
380,23,Sitio-2,Conservada-02,Mep_mac,1.2
381,23,Sitio-2,Conservada-02,Nas_nar,0
382,23,Sitio-2,Conservada-02,Odo_vir,1.75
383,23,Sitio-2,Conservada-02,Pec_taj,3.49
384,23,Sitio-2,Conservada-02,Pro_lot,0
385,23,Sitio-2,Conservada-02,Pum_con,0
386,23,Sitio-2,Conservada-02,Pum_yag,0
387,23,Sitio-2,Conservada-02,Spi_put,0
388,23,Sitio-2,Conservada-02,Syl_flo,8.43
389,23,Sitio-2,Conservada-02,Uro_cin,1.75
390,23,Sitio-2,Conservada-02,Leo_par,0
391,23,Sitio-2,Conservada-02,Pan_onc,1.22
392,24,Sitio-2,Conservada-02,Bas_ast,2.27
393,24,Sitio-2,Conservada-02,Can_lat,0
394,24,Sitio-2,Conservada-02,Con_mes,0
395,24,Sitio-2,Conservada-02,Das_nov,0
396,24,Sitio-2,Conservada-02,Lyn_ruf,0
397,24,Sitio-2,Conservada-02,Mep_mac,3.57
398,24,Sitio-2,Conservada-02,Nas_nar,0
399,24,Sitio-2,Conservada-02,Odo_vir,3.51
400,24,Sitio-2,Conservada-02,Pec_taj,1.16
401,24,Sitio-2,Conservada-02,Pro_lot,0
402,24,Sitio-2,Conservada-02,Pum_con,0
403,24,Sitio-2,Conservada-02,Pum_yag,0
404,24,Sitio-2,Conservada-02,Spi_put,1.75
405,24,Sitio-2,Conservada-02,Syl_flo,1.18
406,24,Sitio-2,Conservada-02,Uro_cin,3.51
407,24,Sitio-2,Conservada-02,Leo_par,0
408,24,Sitio-2,Conservada-02,Pan_onc,0
409,25,Sitio-2,Conservada-02,Bas_ast,0
410,25,Sitio-2,Conservada-02,Can_lat,0
411,25,Sitio-2,Conservada-02,Con_mes,0
412,25,Sitio-2,Conservada-02,Das_nov,1.75
413,25,Sitio-2,Conservada-02,Lyn_ruf,0
414,25,Sitio-2,Conservada-02,Mep_mac,0
415,25,Sitio-2,Conservada-02,Nas_nar,1.56
416,25,Sitio-2,Conservada-02,Odo_vir,2.94
417,25,Sitio-2,Conservada-02,Pec_taj,0
418,25,Sitio-2,Conservada-02,Pro_lot,1.59
419,25,Sitio-2,Conservada-02,Pum_con,0
420,25,Sitio-2,Conservada-02,Pum_yag,0
421,25,Sitio-2,Conservada-02,Spi_put,0
422,25,Sitio-2,Conservada-02,Syl_flo,2.94
423,25,Sitio-2,Conservada-02,Uro_cin,1.18
424,25,Sitio-2,Conservada-02,Leo_par,0
425,25,Sitio-2,Conservada-02,Pan_onc,1.22
426,26,Sitio-2,Conservada-02,Bas_ast,4.76
427,26,Sitio-2,Conservada-02,Can_lat,3.51
428,26,Sitio-2,Conservada-02,Con_mes,3.33
429,26,Sitio-2,Conservada-02,Das_nov,1.2
430,26,Sitio-2,Conservada-02,Lyn_ruf,0
431,26,Sitio-2,Conservada-02,Mep_mac,3.17
432,26,Sitio-2,Conservada-02,Nas_nar,0
433,26,Sitio-2,Conservada-02,Odo_vir,4.76
434,26,Sitio-2,Conservada-02,Pec_taj,1.59
435,26,Sitio-2,Conservada-02,Pro_lot,0
436,26,Sitio-2,Conservada-02,Pum_con,0
437,26,Sitio-2,Conservada-02,Pum_yag,0
438,26,Sitio-2,Conservada-02,Spi_put,0
439,26,Sitio-2,Conservada-02,Syl_flo,15.87
440,26,Sitio-2,Conservada-02,Uro_cin,3.17
441,26,Sitio-2,Conservada-02,Leo_par,0
442,26,Sitio-2,Conservada-02,Pan_onc,1.22
443,27,Sitio-2,Conservada-02,Bas_ast,1.18
444,27,Sitio-2,Conservada-02,Can_lat,0
445,27,Sitio-2,Conservada-02,Con_mes,0
446,27,Sitio-2,Conservada-02,Das_nov,3.57
447,27,Sitio-2,Conservada-02,Lyn_ruf,0
448,27,Sitio-2,Conservada-02,Mep_mac,1.2
449,27,Sitio-2,Conservada-02,Nas_nar,2.41
450,27,Sitio-2,Conservada-02,Odo_vir,4.2
451,27,Sitio-2,Conservada-02,Pec_taj,0
452,27,Sitio-2,Conservada-02,Pro_lot,1.22
453,27,Sitio-2,Conservada-02,Pum_con,0
454,27,Sitio-2,Conservada-02,Pum_yag,0
455,27,Sitio-2,Conservada-02,Spi_put,0
456,27,Sitio-2,Conservada-02,Syl_flo,3.17
457,27,Sitio-2,Conservada-02,Uro_cin,1.18
458,27,Sitio-2,Conservada-02,Leo_par,0
459,27,Sitio-2,Conservada-02,Pan_onc,2.33
460,28,Sitio-2,Conservada-02,Bas_ast,0
461,28,Sitio-2,Conservada-02,Can_lat,0
462,28,Sitio-2,Conservada-02,Con_mes,1.59
463,28,Sitio-2,Conservada-02,Das_nov,1.2
464,28,Sitio-2,Conservada-02,Lyn_ruf,4.76
465,28,Sitio-2,Conservada-02,Mep_mac,0
466,28,Sitio-2,Conservada-02,Nas_nar,1.18
467,28,Sitio-2,Conservada-02,Odo_vir,0
468,28,Sitio-2,Conservada-02,Pec_taj,0
469,28,Sitio-2,Conservada-02,Pro_lot,2.33
470,28,Sitio-2,Conservada-02,Pum_con,0
471,28,Sitio-2,Conservada-02,Pum_yag,1.2
472,28,Sitio-2,Conservada-02,Spi_put,1.59
473,28,Sitio-2,Conservada-02,Syl_flo,19.05
474,28,Sitio-2,Conservada-02,Uro_cin,0
475,28,Sitio-2,Conservada-02,Leo_par,8.14
476,28,Sitio-2,Conservada-02,Pan_onc,0
477,29,Sitio-2,Conservada-02,Bas_ast,1.18
478,29,Sitio-2,Conservada-02,Can_lat,0
479,29,Sitio-2,Conservada-02,Con_mes,3.51
480,29,Sitio-2,Conservada-02,Das_nov,0
481,29,Sitio-2,Conservada-02,Lyn_ruf,1.18
482,29,Sitio-2,Conservada-02,Mep_mac,1.18
483,29,Sitio-2,Conservada-02,Nas_nar,0
484,29,Sitio-2,Conservada-02,Odo_vir,9.52
485,29,Sitio-2,Conservada-02,Pec_taj,0
486,29,Sitio-2,Conservada-02,Pro_lot,0
487,29,Sitio-2,Conservada-02,Pum_con,0
488,29,Sitio-2,Conservada-02,Pum_yag,1.18
489,29,Sitio-2,Conservada-02,Spi_put,0
490,29,Sitio-2,Conservada-02,Syl_flo,22.22
491,29,Sitio-2,Conservada-02,Uro_cin,0
492,29,Sitio-2,Conservada-02,Leo_par,6.98
493,29,Sitio-2,Conservada-02,Pan_onc,0
494,30,Sitio-2,Conservada-02,Bas_ast,9.41
495,30,Sitio-2,Conservada-02,Can_lat,1.2
496,30,Sitio-2,Conservada-02,Con_mes,0
497,30,Sitio-2,Conservada-02,Das_nov,0
498,30,Sitio-2,Conservada-02,Lyn_ruf,1.59
499,30,Sitio-2,Conservada-02,Mep_mac,0
500,30,Sitio-2,Conservada-02,Nas_nar,1.18
501,30,Sitio-2,Conservada-02,Odo_vir,1.18
502,30,Sitio-2,Conservada-02,Pec_taj,1.16
503,30,Sitio-2,Conservada-02,Pro_lot,2.41
504,30,Sitio-2,Conservada-02,Pum_con,0
505,30,Sitio-2,Conservada-02,Pum_yag,0
506,30,Sitio-2,Conservada-02,Spi_put,0
507,30,Sitio-2,Conservada-02,Syl_flo,5.88
508,30,Sitio-2,Conservada-02,Uro_cin,2.46
509,30,Sitio-2,Conservada-02,Leo_par,3.17
510,30,Sitio-2,Conservada-02,Pan_onc,0
511,31,Sitio-2,Perturbada-02,Bas_ast,0
512,31,Sitio-2,Perturbada-02,Can_lat,0
513,31,Sitio-2,Perturbada-02,Con_mes,0
514,31,Sitio-2,Perturbada-02,Das_nov,0
515,31,Sitio-2,Perturbada-02,Lyn_ruf,3.33
516,31,Sitio-2,Perturbada-02,Mep_mac,1.59
517,31,Sitio-2,Perturbada-02,Nas_nar,0
518,31,Sitio-2,Perturbada-02,Odo_vir,5.81
519,31,Sitio-2,Perturbada-02,Pec_taj,0
520,31,Sitio-2,Perturbada-02,Pro_lot,0
521,31,Sitio-2,Perturbada-02,Pum_con,0
522,31,Sitio-2,Perturbada-02,Pum_yag,0
523,31,Sitio-2,Perturbada-02,Spi_put,0
524,31,Sitio-2,Perturbada-02,Syl_flo,0
525,31,Sitio-2,Perturbada-02,Uro_cin,11.11
526,31,Sitio-2,Perturbada-02,Leo_par,0
527,31,Sitio-2,Perturbada-02,Pan_onc,0
528,32,Sitio-2,Perturbada-02,Bas_ast,0
529,32,Sitio-2,Perturbada-02,Can_lat,0
530,32,Sitio-2,Perturbada-02,Con_mes,0
531,32,Sitio-2,Perturbada-02,Das_nov,0
532,32,Sitio-2,Perturbada-02,Lyn_ruf,0
533,32,Sitio-2,Perturbada-02,Mep_mac,1.59
534,32,Sitio-2,Perturbada-02,Nas_nar,0
535,32,Sitio-2,Perturbada-02,Odo_vir,6.98
536,32,Sitio-2,Perturbada-02,Pec_taj,0
537,32,Sitio-2,Perturbada-02,Pro_lot,0
538,32,Sitio-2,Perturbada-02,Pum_con,0
539,32,Sitio-2,Perturbada-02,Pum_yag,0
540,32,Sitio-2,Perturbada-02,Spi_put,0
541,32,Sitio-2,Perturbada-02,Syl_flo,1.18
542,32,Sitio-2,Perturbada-02,Uro_cin,6.02
543,32,Sitio-2,Perturbada-02,Leo_par,0
544,32,Sitio-2,Perturbada-02,Pan_onc,0
545,33,Sitio-2,Perturbada-02,Bas_ast,0
546,33,Sitio-2,Perturbada-02,Can_lat,12.28
547,33,Sitio-2,Perturbada-02,Con_mes,10.84
548,33,Sitio-2,Perturbada-02,Das_nov,0
549,33,Sitio-2,Perturbada-02,Lyn_ruf,0
550,33,Sitio-2,Perturbada-02,Mep_mac,0
551,33,Sitio-2,Perturbada-02,Nas_nar,0
552,33,Sitio-2,Perturbada-02,Odo_vir,3.17
553,33,Sitio-2,Perturbada-02,Pec_taj,0
554,33,Sitio-2,Perturbada-02,Pro_lot,0
555,33,Sitio-2,Perturbada-02,Pum_con,0
556,33,Sitio-2,Perturbada-02,Pum_yag,1.2
557,33,Sitio-2,Perturbada-02,Spi_put,0
558,33,Sitio-2,Perturbada-02,Syl_flo,0
559,33,Sitio-2,Perturbada-02,Uro_cin,1.2
560,33,Sitio-2,Perturbada-02,Leo_par,0
561,33,Sitio-2,Perturbada-02,Pan_onc,0
562,34,Sitio-2,Perturbada-02,Bas_ast,0
563,34,Sitio-2,Perturbada-02,Can_lat,0
564,34,Sitio-2,Perturbada-02,Con_mes,10.84
565,34,Sitio-2,Perturbada-02,Das_nov,0
566,34,Sitio-2,Perturbada-02,Lyn_ruf,1.2
567,34,Sitio-2,Perturbada-02,Mep_mac,0
568,34,Sitio-2,Perturbada-02,Nas_nar,0
569,34,Sitio-2,Perturbada-02,Odo_vir,1.18
570,34,Sitio-2,Perturbada-02,Pec_taj,0
571,34,Sitio-2,Perturbada-02,Pro_lot,11.9
572,34,Sitio-2,Perturbada-02,Pum_con,0
573,34,Sitio-2,Perturbada-02,Pum_yag,2.47
574,34,Sitio-2,Perturbada-02,Spi_put,0
575,34,Sitio-2,Perturbada-02,Syl_flo,0
576,34,Sitio-2,Perturbada-02,Uro_cin,0
577,34,Sitio-2,Perturbada-02,Leo_par,0
578,34,Sitio-2,Perturbada-02,Pan_onc,0
579,35,Sitio-2,Perturbada-02,Bas_ast,0
580,35,Sitio-2,Perturbada-02,Can_lat,2.3
581,35,Sitio-2,Perturbada-02,Con_mes,0
582,35,Sitio-2,Perturbada-02,Das_nov,0
583,35,Sitio-2,Perturbada-02,Lyn_ruf,0
584,35,Sitio-2,Perturbada-02,Mep_mac,0
585,35,Sitio-2,Perturbada-02,Nas_nar,1.59
586,35,Sitio-2,Perturbada-02,Odo_vir,0
587,35,Sitio-2,Perturbada-02,Pec_taj,0
588,35,Sitio-2,Perturbada-02,Pro_lot,0
589,35,Sitio-2,Perturbada-02,Pum_con,0
590,35,Sitio-2,Perturbada-02,Pum_yag,0
591,35,Sitio-2,Perturbada-02,Spi_put,0
592,35,Sitio-2,Perturbada-02,Syl_flo,6.98
593,35,Sitio-2,Perturbada-02,Uro_cin,2.94
594,35,Sitio-2,Perturbada-02,Leo_par,0
595,35,Sitio-2,Perturbada-02,Pan_onc,0
596,36,Sitio-2,Perturbada-02,Bas_ast,0
597,36,Sitio-2,Perturbada-02,Can_lat,4.5
598,36,Sitio-2,Perturbada-02,Con_mes,7.94
599,36,Sitio-2,Perturbada-02,Das_nov,0
600,36,Sitio-2,Perturbada-02,Lyn_ruf,0
601,36,Sitio-2,Perturbada-02,Mep_mac,0
602,36,Sitio-2,Perturbada-02,Nas_nar,1.18
603,36,Sitio-2,Perturbada-02,Odo_vir,0
604,36,Sitio-2,Perturbada-02,Pec_taj,0
605,36,Sitio-2,Perturbada-02,Pro_lot,0
606,36,Sitio-2,Perturbada-02,Pum_con,0
607,36,Sitio-2,Perturbada-02,Pum_yag,0
608,36,Sitio-2,Perturbada-02,Spi_put,0
609,36,Sitio-2,Perturbada-02,Syl_flo,0
610,36,Sitio-2,Perturbada-02,Uro_cin,3.17
611,36,Sitio-2,Perturbada-02,Leo_par,0
612,36,Sitio-2,Perturbada-02,Pan_onc,0
613,37,Sitio-2,Perturbada-02,Bas_ast,0
614,37,Sitio-2,Perturbada-02,Can_lat,0
615,37,Sitio-2,Perturbada-02,Con_mes,3.61
616,37,Sitio-2,Perturbada-02,Das_nov,0
617,37,Sitio-2,Perturbada-02,Lyn_ruf,0
618,37,Sitio-2,Perturbada-02,Mep_mac,0
619,37,Sitio-2,Perturbada-02,Nas_nar,0
620,37,Sitio-2,Perturbada-02,Odo_vir,0
621,37,Sitio-2,Perturbada-02,Pec_taj,0
622,37,Sitio-2,Perturbada-02,Pro_lot,2.41
623,37,Sitio-2,Perturbada-02,Pum_con,0
624,37,Sitio-2,Perturbada-02,Pum_yag,1.2
625,37,Sitio-2,Perturbada-02,Spi_put,0
626,37,Sitio-2,Perturbada-02,Syl_flo,5.81
627,37,Sitio-2,Perturbada-02,Uro_cin,3.61
628,37,Sitio-2,Perturbada-02,Leo_par,0
629,37,Sitio-2,Perturbada-02,Pan_onc,0
630,38,Sitio-2,Perturbada-02,Bas_ast,0
631,38,Sitio-2,Perturbada-02,Can_lat,1.59
632,38,Sitio-2,Perturbada-02,Con_mes,1.59
633,38,Sitio-2,Perturbada-02,Das_nov,0
634,38,Sitio-2,Perturbada-02,Lyn_ruf,1.16
635,38,Sitio-2,Perturbada-02,Mep_mac,0
636,38,Sitio-2,Perturbada-02,Nas_nar,0
637,38,Sitio-2,Perturbada-02,Odo_vir,0
638,38,Sitio-2,Perturbada-02,Pec_taj,0
639,38,Sitio-2,Perturbada-02,Pro_lot,0
640,38,Sitio-2,Perturbada-02,Pum_con,0
641,38,Sitio-2,Perturbada-02,Pum_yag,0
642,38,Sitio-2,Perturbada-02,Spi_put,0
643,38,Sitio-2,Perturbada-02,Syl_flo,0
644,38,Sitio-2,Perturbada-02,Uro_cin,4.76
645,38,Sitio-2,Perturbada-02,Leo_par,0
646,38,Sitio-2,Perturbada-02,Pan_onc,0
647,39,Sitio-2,Perturbada-02,Bas_ast,0
648,39,Sitio-2,Perturbada-02,Can_lat,0
649,39,Sitio-2,Perturbada-02,Con_mes,0
650,39,Sitio-2,Perturbada-02,Das_nov,0
651,39,Sitio-2,Perturbada-02,Lyn_ruf,6.35
652,39,Sitio-2,Perturbada-02,Mep_mac,0
653,39,Sitio-2,Perturbada-02,Nas_nar,0
654,39,Sitio-2,Perturbada-02,Odo_vir,0
655,39,Sitio-2,Perturbada-02,Pec_taj,0
656,39,Sitio-2,Perturbada-02,Pro_lot,0
657,39,Sitio-2,Perturbada-02,Pum_con,0
658,39,Sitio-2,Perturbada-02,Pum_yag,1.16
659,39,Sitio-2,Perturbada-02,Spi_put,0
660,39,Sitio-2,Perturbada-02,Syl_flo,3.17
661,39,Sitio-2,Perturbada-02,Uro_cin,25.4
662,39,Sitio-2,Perturbada-02,Leo_par,0
663,39,Sitio-2,Perturbada-02,Pan_onc,0
664,40,Sitio-2,Perturbada-02,Bas_ast,0
665,40,Sitio-2,Perturbada-02,Can_lat,0
666,40,Sitio-2,Perturbada-02,Con_mes,3.53
667,40,Sitio-2,Perturbada-02,Das_nov,0
668,40,Sitio-2,Perturbada-02,Lyn_ruf,1.18
669,40,Sitio-2,Perturbada-02,Mep_mac,4.65
670,40,Sitio-2,Perturbada-02,Nas_nar,0
671,40,Sitio-2,Perturbada-02,Odo_vir,0
672,40,Sitio-2,Perturbada-02,Pec_taj,0
673,40,Sitio-2,Perturbada-02,Pro_lot,3.53
674,40,Sitio-2,Perturbada-02,Pum_con,0
675,40,Sitio-2,Perturbada-02,Pum_yag,0
676,40,Sitio-2,Perturbada-02,Spi_put,0
677,40,Sitio-2,Perturbada-02,Syl_flo,0
678,40,Sitio-2,Perturbada-02,Uro_cin,17.65
679,40,Sitio-2,Perturbada-02,Leo_par,0
680,40,Sitio-2,Perturbada-02,Pan_onc,0
